﻿<?xml version="1.0" encoding="UTF-8"?>
<MobileAppInfo xmlns="http://v8.1c.ru/8.3/mobile-application/app" xmlns:xs="http://www.w3.org/2001/XMLSchema" xmlns:xsi="http://www.w3.org/2001/XMLSchema-instance" name="TestMobileMaps" id="757c8605-10e0-4da3-b48f-48b562047f49" lastUpdateUUID="f49cb713-112d-4c9a-b409-4ebad3b1b550" formatVersion="3" defaultLanguage="Language.Русский" version="0.0.12">
	<synonym>
		<item xmlns="http://v8.1c.ru/8.1/data/core">
			<lang>ru</lang>
			<content>Помощник почтальона</content>
		</item>
	</synonym>
	<language name="Русский" id="3a405587-f690-45f4-bbb4-a1a3d39d1dac" languageCode="ru">
		<synonym>
			<item xmlns="http://v8.1c.ru/8.1/data/core">
				<lang>ru</lang>
				<content>Русский</content>
			</item>
		</synonym>
	</language>
	<requiredPermission>
		<permission xmlns="http://v8.1c.ru/8.2/managed-application/core">Location</permission>
		<use xmlns="http://v8.1c.ru/8.2/managed-application/core">true</use>
	</requiredPermission>
	<requiredPermission>
		<permission xmlns="http://v8.1c.ru/8.2/managed-application/core">Contacts</permission>
		<use xmlns="http://v8.1c.ru/8.2/managed-application/core">false</use>
	</requiredPermission>
	<requiredPermission>
		<permission xmlns="http://v8.1c.ru/8.2/managed-application/core">Calendars</permission>
		<use xmlns="http://v8.1c.ru/8.2/managed-application/core">false</use>
	</requiredPermission>
	<requiredPermission>
		<permission xmlns="http://v8.1c.ru/8.2/managed-application/core">PushNotification</permission>
		<use xmlns="http://v8.1c.ru/8.2/managed-application/core">false</use>
	</requiredPermission>
	<requiredPermission>
		<permission xmlns="http://v8.1c.ru/8.2/managed-application/core">LocalNotification</permission>
		<use xmlns="http://v8.1c.ru/8.2/managed-application/core">false</use>
	</requiredPermission>
	<requiredPermission>
		<permission xmlns="http://v8.1c.ru/8.2/managed-application/core">Print</permission>
		<use xmlns="http://v8.1c.ru/8.2/managed-application/core">false</use>
	</requiredPermission>
	<requiredPermission>
		<permission xmlns="http://v8.1c.ru/8.2/managed-application/core">InAppPurchases</permission>
		<use xmlns="http://v8.1c.ru/8.2/managed-application/core">false</use>
	</requiredPermission>
	<requiredPermission>
		<permission xmlns="http://v8.1c.ru/8.2/managed-application/core">Ads</permission>
		<use xmlns="http://v8.1c.ru/8.2/managed-application/core">false</use>
	</requiredPermission>
	<requiredPermission>
		<permission xmlns="http://v8.1c.ru/8.2/managed-application/core">BackgroundLocation</permission>
		<use xmlns="http://v8.1c.ru/8.2/managed-application/core">true</use>
	</requiredPermission>
	<requiredPermission>
		<permission xmlns="http://v8.1c.ru/8.2/managed-application/core">BackgroundAudioPlayback</permission>
		<use xmlns="http://v8.1c.ru/8.2/managed-application/core">true</use>
	</requiredPermission>
	<requiredPermission>
		<permission xmlns="http://v8.1c.ru/8.2/managed-application/core">FileExchangeWithPersonalComputer</permission>
		<use xmlns="http://v8.1c.ru/8.2/managed-application/core">true</use>
	</requiredPermission>
	<requiredPermission>
		<permission xmlns="http://v8.1c.ru/8.2/managed-application/core">CallPhone</permission>
		<use xmlns="http://v8.1c.ru/8.2/managed-application/core">false</use>
	</requiredPermission>
	<requiredPermission>
		<permission xmlns="http://v8.1c.ru/8.2/managed-application/core">CallLog</permission>
		<use xmlns="http://v8.1c.ru/8.2/managed-application/core">false</use>
	</requiredPermission>
	<requiredPermission>
		<permission xmlns="http://v8.1c.ru/8.2/managed-application/core">HandlePhoneCalls</permission>
		<use xmlns="http://v8.1c.ru/8.2/managed-application/core">false</use>
	</requiredPermission>
	<requiredPermission>
		<permission xmlns="http://v8.1c.ru/8.2/managed-application/core">SendSMS</permission>
		<use xmlns="http://v8.1c.ru/8.2/managed-application/core">false</use>
	</requiredPermission>
	<requiredPermission>
		<permission xmlns="http://v8.1c.ru/8.2/managed-application/core">ReceiveSMS</permission>
		<use xmlns="http://v8.1c.ru/8.2/managed-application/core">false</use>
	</requiredPermission>
	<requiredPermission>
		<permission xmlns="http://v8.1c.ru/8.2/managed-application/core">SMSLog</permission>
		<use xmlns="http://v8.1c.ru/8.2/managed-application/core">false</use>
	</requiredPermission>
	<requiredPermission>
		<permission xmlns="http://v8.1c.ru/8.2/managed-application/core">Camera</permission>
		<use xmlns="http://v8.1c.ru/8.2/managed-application/core">true</use>
	</requiredPermission>
	<requiredPermission>
		<permission xmlns="http://v8.1c.ru/8.2/managed-application/core">Microphone</permission>
		<use xmlns="http://v8.1c.ru/8.2/managed-application/core">true</use>
	</requiredPermission>
	<requiredPermission>
		<permission xmlns="http://v8.1c.ru/8.2/managed-application/core">MusicLibrary</permission>
		<use xmlns="http://v8.1c.ru/8.2/managed-application/core">true</use>
	</requiredPermission>
	<requiredPermission>
		<permission xmlns="http://v8.1c.ru/8.2/managed-application/core">PicturesAndVideoLibraries</permission>
		<use xmlns="http://v8.1c.ru/8.2/managed-application/core">true</use>
	</requiredPermission>
	<requiredPermission>
		<permission xmlns="http://v8.1c.ru/8.2/managed-application/core">AudioAndVibrationPlayback</permission>
		<use xmlns="http://v8.1c.ru/8.2/managed-application/core">true</use>
	</requiredPermission>
	<requiredPermission>
		<permission xmlns="http://v8.1c.ru/8.2/managed-application/core">InstallPackages</permission>
		<use xmlns="http://v8.1c.ru/8.2/managed-application/core">false</use>
	</requiredPermission>
	<requiredPermission>
		<permission xmlns="http://v8.1c.ru/8.2/managed-application/core">AllowOSBackup</permission>
		<use xmlns="http://v8.1c.ru/8.2/managed-application/core">true</use>
	</requiredPermission>
</MobileAppInfo>